[
null,
{"id":1,"list":[{"code":101,"indent":0,"parameters":["Evil",7,0,2]},{"code":401,"indent":0,"parameters":["【道具商】"]},{"code":401,"indent":0,"parameters":["你好～旅行者！有需要為您服務的嗎？"]},{"code":302,"indent":0,"parameters":[0,1,0,0,false]},{"code":605,"indent":0,"parameters":[0,2,0,0]},{"code":605,"indent":0,"parameters":[0,3,0,0]},{"code":605,"indent":0,"parameters":[0,4,0,0]},{"code":0,"indent":0,"parameters":[]}],"name":"道具屋","switchId":1,"trigger":0},
{"id":2,"list":[{"code":0,"indent":0,"parameters":[]}],"name":"","switchId":1,"trigger":0},
{"id":3,"list":[{"code":0,"indent":0,"parameters":[]}],"name":"","switchId":1,"trigger":0},
{"id":4,"list":[{"code":0,"indent":0,"parameters":[]}],"name":"","switchId":1,"trigger":0}
]