{
"autoplayBgm":false,"autoplayBgs":false,"battleback1Name":"","battleback2Name":"","bgm":{"name":"","pan":0,"pitch":100,"volume":90},"bgs":{"name":"","pan":0,"pitch":100,"volume":90},"disableDashing":false,"displayName":"申請處","encounterList":[],"encounterStep":30,"height":10,"note":"<C_Tint:OFF>\n<C_Weather:OFF>","parallaxLoopX":false,"parallaxLoopY":false,"parallaxName":"","parallaxShow":true,"parallaxSx":0,"parallaxSy":0,"scrollType":0,"specifyBattleback":false,"tilesetId":3,"width":10,
"data":[7764,7788,7788,7788,7788,7788,7788,7788,7788,7768,7784,8154,8154,8154,8154,8154,8154,8154,8154,7776,7784,3234,3220,3220,3220,3220,3220,3220,3236,7776,7784,3216,3200,3200,3200,3200,3200,3200,3224,7776,7784,3216,3200,3200,3200,3200,3200,3200,3224,7776,7784,3216,3200,3200,3200,3200,3200,3200,3224,7776,7784,3216,3200,3200,3200,3200,3200,3200,3224,7776,7784,3240,3228,3228,3212,3228,3228,3228,3238,7776,7790,7793,7793,7805,3232,7803,7793,7793,7793,7789,8155,8154,8154,8158,3232,8155,8154,8154,8154,8158,0,0,0,0,0,0,0,0,0,0,0,0,0,0,0,0,0,0,0,0,0,0,0,0,0,0,0,0,0,0,0,3579,3569,3569,3569,3569,3569,3569,3581,0,0,0,0,0,0,0,0,0,0,0,0,0,0,0,0,0,0,0,0,0,0,0,0,0,0,0,0,0,0,0,0,0,0,0,0,0,0,0,0,0,0,0,0,0,0,0,0,0,0,0,0,0,0,0,0,0,0,0,0,0,0,0,0,0,0,0,0,0,0,0,0,0,0,0,0,0,0,0,0,0,0,0,0,0,0,0,0,0,0,0,0,0,0,0,0,0,0,0,0,0,0,0,0,0,0,0,0,0,0,0,0,200,0,0,0,0,0,0,0,0,0,201,0,0,0,0,0,0,0,0,0,200,0,0,0,0,0,0,0,0,0,0,0,0,0,0,0,0,0,0,0,0,0,0,0,0,0,0,0,0,0,0,0,0,0,0,0,0,0,0,0,70,71,162,0,0,162,70,71,0,0,78,79,0,0,0,0,78,79,0,0,339,336,0,329,0,0,339,325,0,0,200,0,0,0,0,0,0,0,0,0,201,0,0,0,0,0,0,242,0,0,242,0,0,0,0,0,0,250,0,0,250,0,0,0,226,227,226,227,0,0,0,0,0,0,0,0,0,0,0,0,0,0,0,0,0,0,0,0,0,0,0,0,0,0,0,0,0,0,0,0,0,0,0,0,0,0,0,0,0,0,5,0,0,0,0,0,0,0,0,0,5,0,0,0,0,0,0,0,0,0,5,0,0,0,0,0,0,0,0,0,5,0,0,0,0,0,0,0,0,0,5,0,0,0,0,0,0,0,0,0,5,0,0,0,0,0,0,0,0,0,0,0,0,0,0,0,0,0,0,0,0,0,0,5,0,0,0,0,0,0,0,0,0,0,0,0,0,0,0,0,0,0,0,0,0,0,0,0,0,0,0,0,0,0,0,0,0,0,0,0,0,0,0,0,0,0,0,0,0,0,0,0,0,0,0,0,0,0,0,0,0,0,0,0,0,0,0,0,0,0,0,0,0,0,0,0,0,0,0,0,0,0,0,0,0,0,0,0,0,0,0,0,0,0,0,0,0,0,0,0,0,0,0,0,0,0,0,0,0],
"events":[
null,
{"id":1,"name":"EV001","note":"","pages":[{"conditions":{"actorId":1,"actorValid":false,"itemId":1,"itemValid":false,"selfSwitchCh":"A","selfSwitchValid":false,"switch1Id":1,"switch1Valid":false,"switch2Id":1,"switch2Valid":false,"variableId":1,"variableValid":false,"variableValue":0},"directionFix":false,"image":{"characterIndex":0,"characterName":"","direction":2,"pattern":0,"tileId":0},"list":[{"code":201,"indent":0,"parameters":[0,1,21,17,0,0]},{"code":356,"indent":0,"parameters":["SaveCommand save 1"]},{"code":0,"indent":0,"parameters":[]}],"moveFrequency":3,"moveRoute":{"list":[{"code":0,"parameters":[]}],"repeat":true,"skippable":false,"wait":false},"moveSpeed":3,"moveType":0,"priorityType":0,"stepAnime":false,"through":false,"trigger":1,"walkAnime":true}],"x":4,"y":9},
{"id":2,"name":"EV002","note":"","pages":[{"conditions":{"actorId":1,"actorValid":false,"itemId":1,"itemValid":false,"selfSwitchCh":"A","selfSwitchValid":false,"switch1Id":1,"switch1Valid":false,"switch2Id":1,"switch2Valid":false,"variableId":1,"variableValid":false,"variableValue":0},"directionFix":false,"image":{"tileId":0,"characterName":"People3","direction":2,"pattern":1,"characterIndex":5},"list":[{"code":0,"indent":0,"parameters":[]}],"moveFrequency":3,"moveRoute":{"list":[{"code":0,"parameters":[]}],"repeat":true,"skippable":false,"wait":false},"moveSpeed":3,"moveType":0,"priorityType":1,"stepAnime":false,"through":false,"trigger":0,"walkAnime":false}],"x":4,"y":2},
{"id":3,"name":"EV003","note":"","pages":[{"conditions":{"actorId":1,"actorValid":false,"itemId":1,"itemValid":false,"selfSwitchCh":"A","selfSwitchValid":false,"switch1Id":1,"switch1Valid":false,"switch2Id":1,"switch2Valid":false,"variableId":1,"variableValid":false,"variableValue":0},"directionFix":false,"image":{"characterIndex":0,"characterName":"","direction":2,"pattern":0,"tileId":0},"list":[{"code":101,"indent":0,"parameters":["People3",5,0,2]},{"code":401,"indent":0,"parameters":["【邦尼】"]},{"code":401,"indent":0,"parameters":["你好旅行者！請問有甚麼問題嗎？"]},{"code":102,"indent":0,"parameters":[["申請通行證","沒事"],1,0,2,0]},{"code":402,"indent":0,"parameters":[0,"申請通行證"]},{"code":101,"indent":1,"parameters":["People3",5,0,2]},{"code":401,"indent":1,"parameters":["【邦尼】"]},{"code":401,"indent":1,"parameters":["申請通行證？原來你也被村莊那個笨守衛給騙"]},{"code":401,"indent":1,"parameters":["了呀 ┐(´д`)┌"]},{"code":401,"indent":1,"parameters":["可能近幾日有魔物出現...他才變這麼小心的吧"]},{"code":101,"indent":1,"parameters":["People3",5,0,2]},{"code":401,"indent":1,"parameters":["【邦尼】"]},{"code":401,"indent":1,"parameters":["不過沒關係,你幫我個忙！"]},{"code":401,"indent":1,"parameters":["我就幫你簽署一張通行證～如何？"]},{"code":102,"indent":1,"parameters":[["好呀！","沒興趣！"],1,0,2,0]},{"code":402,"indent":1,"parameters":[0,"好呀！"]},{"code":101,"indent":2,"parameters":["People3",5,0,2]},{"code":401,"indent":2,"parameters":["【邦尼】"]},{"code":401,"indent":2,"parameters":["我那條笨狗又不知跑哪去了,你幫我把這塊肉"]},{"code":401,"indent":2,"parameters":["放到門外木堆上,牠應該就會飛奔回來的！"]},{"code":401,"indent":2,"parameters":["完成後再來找我吧～"]},{"code":123,"indent":2,"parameters":["A",0]},{"code":126,"indent":2,"parameters":[7,0,0,1]},{"code":0,"indent":2,"parameters":[]},{"code":402,"indent":1,"parameters":[1,"沒興趣！"]},{"code":101,"indent":2,"parameters":["People3",5,0,2]},{"code":401,"indent":2,"parameters":["【邦尼】"]},{"code":401,"indent":2,"parameters":["那就...這樣吧！掰～"]},{"code":0,"indent":2,"parameters":[]},{"code":404,"indent":1,"parameters":[]},{"code":0,"indent":1,"parameters":[]},{"code":402,"indent":0,"parameters":[1,"沒事"]},{"code":0,"indent":1,"parameters":[]},{"code":404,"indent":0,"parameters":[]},{"code":0,"indent":0,"parameters":[]}],"moveFrequency":3,"moveRoute":{"list":[{"code":0,"parameters":[]}],"repeat":true,"skippable":false,"wait":false},"moveSpeed":3,"moveType":0,"priorityType":0,"stepAnime":false,"through":false,"trigger":0,"walkAnime":true},{"conditions":{"actorId":1,"actorValid":false,"itemId":1,"itemValid":false,"selfSwitchCh":"A","selfSwitchValid":true,"switch1Id":1,"switch1Valid":false,"switch2Id":1,"switch2Valid":false,"variableId":1,"variableValid":false,"variableValue":0},"directionFix":false,"image":{"characterIndex":0,"characterName":"","direction":2,"pattern":0,"tileId":0},"list":[{"code":122,"indent":0,"parameters":[1,1,0,3,0,7,0]},{"code":111,"indent":0,"parameters":[1,1,0,1,0]},{"code":101,"indent":1,"parameters":["People3",5,0,2]},{"code":401,"indent":1,"parameters":["【邦尼】"]},{"code":401,"indent":1,"parameters":["你肉還沒放上去呢！"]},{"code":401,"indent":1,"parameters":["完成後再來找我吧～"]},{"code":0,"indent":1,"parameters":[]},{"code":411,"indent":0,"parameters":[]},{"code":101,"indent":1,"parameters":["People3",5,0,2]},{"code":401,"indent":1,"parameters":["【邦尼】"]},{"code":401,"indent":1,"parameters":["拿去吧！感謝你完成任務～"]},{"code":401,"indent":1,"parameters":["再多送你兩瓶藥水和劍,日後用的到！"]},{"code":123,"indent":1,"parameters":["C",0]},{"code":0,"indent":1,"parameters":[]},{"code":412,"indent":0,"parameters":[]},{"code":126,"indent":0,"parameters":[6,0,0,1]},{"code":126,"indent":0,"parameters":[1,0,0,2]},{"code":127,"indent":0,"parameters":[1,0,0,1,false]},{"code":0,"indent":0,"parameters":[]}],"moveFrequency":3,"moveRoute":{"list":[{"code":0,"parameters":[]}],"repeat":true,"skippable":false,"wait":false},"moveSpeed":3,"moveType":0,"priorityType":0,"stepAnime":false,"through":false,"trigger":0,"walkAnime":true},{"conditions":{"actorId":1,"actorValid":false,"itemId":1,"itemValid":false,"selfSwitchCh":"C","selfSwitchValid":true,"switch1Id":1,"switch1Valid":false,"switch2Id":1,"switch2Valid":false,"variableId":1,"variableValid":false,"variableValue":0},"directionFix":false,"image":{"characterIndex":0,"characterName":"","direction":2,"pattern":0,"tileId":0},"list":[{"code":0,"indent":0,"parameters":[]}],"moveFrequency":3,"moveRoute":{"list":[{"code":0,"parameters":[]}],"repeat":true,"skippable":false,"wait":false},"moveSpeed":3,"moveType":0,"priorityType":0,"stepAnime":false,"through":false,"trigger":0,"walkAnime":true}],"x":4,"y":4},
null
]
}