[
null,
{"id":1,"expanded":true,"name":"初始之村","order":2,"parentId":0,"scrollX":1404,"scrollY":798.8571428571428},
{"id":2,"expanded":false,"name":"現代","order":1,"parentId":0,"scrollX":1404,"scrollY":798.8571428571428},
{"id":3,"expanded":true,"name":"申請處","order":5,"parentId":1,"scrollX":1228.5,"scrollY":699},
{"id":4,"expanded":false,"name":"道具商店","order":3,"parentId":1,"scrollX":1404,"scrollY":798.8571428571428},
{"id":5,"expanded":false,"name":"初始村村長家","order":4,"parentId":1,"scrollX":1228.5,"scrollY":699},
{"id":6,"expanded":false,"name":"試煉之門","order":6,"parentId":0,"scrollX":1404,"scrollY":798.8571428571428},
{"id":7,"expanded":false,"name":"試煉洞穴","order":7,"parentId":6,"scrollX":1404,"scrollY":798.8571428571428},
{"id":8,"expanded":false,"name":"職業大廳","order":8,"parentId":6,"scrollX":1404,"scrollY":798.8571428571428},
{"id":9,"expanded":false,"name":"豺狼森林","order":9,"parentId":0,"scrollX":1404,"scrollY":798.8571428571428},
{"id":10,"expanded":false,"name":"豺狼森林地下隧道","order":10,"parentId":9,"scrollX":1404,"scrollY":798.8571428571428},
{"id":11,"expanded":true,"name":"森林城鎮","order":11,"parentId":0,"scrollX":1390.2857142857142,"scrollY":1121.142857142857},
{"id":12,"expanded":false,"name":"道具商店","order":12,"parentId":11,"scrollX":1404,"scrollY":798.8571428571428},
{"id":13,"expanded":false,"name":"武器商店","order":13,"parentId":11,"scrollX":1404,"scrollY":798.8571428571428},
{"id":14,"expanded":false,"name":"盔甲商店","order":14,"parentId":11,"scrollX":1404,"scrollY":798.8571428571428},
{"id":15,"expanded":false,"name":"酒吧","order":15,"parentId":11,"scrollX":1404,"scrollY":798.8571428571428}
]